run,task,optimizer,seed,final_metric,best_metric,epochs_to_target,final_loss,mean_loss_variance,wall_time_seconds
benchmark-runs/multiepoch/cifar10-resnet18-adamw-seed11-20260629-114603,cifar10,adamw,11,0.6634,0.6634,,0.9723646373164897,0.026399156511426474,334.90778374671936
benchmark-runs/multiepoch/cifar10-resnet18-adamw-seed19-20260629-120658,cifar10,adamw,19,0.6561,0.6561,,0.9877321349114788,0.027295025487388092,470.2592170238495
benchmark-runs/multiepoch/cifar10-resnet18-adamw-seed7-20260629-112550,cifar10,adamw,7,0.6638,0.6638,,0.9875868388584682,0.028065402373668783,345.2490818500519
benchmark-runs/multiepoch/cifar10-resnet18-neat-seed11-20260629-115214,cifar10,neat,11,0.6629,0.6629,,0.9787302324358298,0.026530520056916102,800.7983770370483
benchmark-runs/multiepoch/cifar10-resnet18-neat-seed19-20260629-121544,cifar10,neat,19,0.6663,0.6663,,0.9840781290312203,0.027362125349980202,1056.7181842327118
benchmark-runs/multiepoch/cifar10-resnet18-neat-seed7-20260629-113156,cifar10,neat,7,0.6642,0.6642,,0.9998541498670772,0.027410603672121486,806.2335820198059
