run,task,optimizer,seed,final_metric,best_metric,epochs_to_target,final_loss,mean_loss_variance,wall_time_seconds
benchmark-runs/calibration/cifar10-resnet18-adamw-seed7-20260629-103826,cifar10,adamw,7,0.4875,0.4875,,1.7604442895675192,0.06654311391137543,230.51369214057922
benchmark-runs/preliminary/cifar10-resnet18-adamw-seed11-20260629-104959,cifar10,adamw,11,0.499,0.499,,1.7641075624495137,0.06769003662361321,118.06371307373047
benchmark-runs/preliminary/cifar10-resnet18-adamw-seed19-20260629-105739,cifar10,adamw,19,0.5006,0.5006,,1.7619753382643875,0.06901094513516329,94.0799412727356
benchmark-runs/preliminary/cifar10-resnet18-neat-seed11-20260629-105218,cifar10,neat,11,0.4974,0.4974,,1.7637390536921365,0.06798782249719501,302.1172001361847
benchmark-runs/preliminary/cifar10-resnet18-neat-seed19-20260629-105958,cifar10,neat,19,0.501,0.501,,1.7602571279418713,0.06955721687231994,319.89643907546997
benchmark-runs/preliminary/cifar10-resnet18-neat-seed7-20260629-104242,cifar10,neat,7,0.4906,0.4906,,1.761098316129373,0.06651585394491405,358.0857789516449
